{
    "name": "root",
    "metadata": {
        "timer_format_version": "0.1.0",
        "start_time_seconds": "1700360535",
        "python_version": "3.8.10 (tags/v3.8.10:3d8993a, May  3 2021, 11:48:03) [MSC v.1928 64 bit (AMD64)]",
        "command_line_arguments": "C:\\Users\\mashi\\Desktop\\VSCode\\python\\python-envs\\mint-env\\Scripts\\mlagents-learn config/sac/sac_tournament_config.yaml --env=tournamentenv --run-id=0",
        "mlagents_version": "0.29.0",
        "mlagents_envs_version": "0.29.0",
        "communication_protocol_version": "1.5.0",
        "pytorch_version": "1.7.1+cu110",
        "numpy_version": "1.21.2",
        "end_time_seconds": "1700360548"
    },
    "total": 13.025443000000001,
    "count": 1,
    "self": 4.4027768,
    "children": {
        "run_training.setup": {
            "total": 0.19901389999999997,
            "count": 1,
            "self": 0.19901389999999997
        },
        "TrainerController.start_learning": {
            "total": 8.4236523,
            "count": 1,
            "self": 0.006144600000018485,
            "children": {
                "TrainerController._reset_env": {
                    "total": 6.0294068,
                    "count": 1,
                    "self": 6.0294068
                },
                "TrainerController.advance": {
                    "total": 2.123740899999982,
                    "count": 155,
                    "self": 0.0024564999999903137,
                    "children": {
                        "env_step": {
                            "total": 2.1212843999999915,
                            "count": 155,
                            "self": 1.4877488999999837,
                            "children": {
                                "SubprocessEnvManager._take_step": {
                                    "total": 0.6310221999999932,
                                    "count": 155,
                                    "self": 0.013989799999995611,
                                    "children": {
                                        "TorchPolicy.evaluate": {
                                            "total": 0.6170323999999976,
                                            "count": 155,
                                            "self": 0.08047969999999616,
                                            "children": {
                                                "TorchPolicy.sample_actions": {
                                                    "total": 0.5365527000000014,
                                                    "count": 155,
                                                    "self": 0.5365527000000014
                                                }
                                            }
                                        }
                                    }
                                },
                                "workers": {
                                    "total": 0.0025133000000145955,
                                    "count": 154,
                                    "self": 0.0,
                                    "children": {
                                        "worker_root": {
                                            "total": 2.1446624999999973,
                                            "count": 154,
                                            "is_parallel": true,
                                            "self": 0.9266930999999978,
                                            "children": {
                                                "steps_from_proto": {
                                                    "total": 0.000780299999999734,
                                                    "count": 1,
                                                    "is_parallel": true,
                                                    "self": 0.00034279999999942135,
                                                    "children": {
                                                        "_process_rank_one_or_two_observation": {
                                                            "total": 0.00043750000000031264,
                                                            "count": 4,
                                                            "is_parallel": true,
                                                            "self": 0.00043750000000031264
                                                        }
                                                    }
                                                },
                                                "UnityEnvironment.step": {
                                                    "total": 1.2171890999999997,
                                                    "count": 154,
                                                    "is_parallel": true,
                                                    "self": 0.03102699999999814,
                                                    "children": {
                                                        "UnityEnvironment._generate_step_input": {
                                                            "total": 0.02543519999999777,
                                                            "count": 154,
                                                            "is_parallel": true,
                                                            "self": 0.02543519999999777
                                                        },
                                                        "communicator.exchange": {
                                                            "total": 1.0324119000000094,
                                                            "count": 154,
                                                            "is_parallel": true,
                                                            "self": 1.0324119000000094
                                                        },
                                                        "steps_from_proto": {
                                                            "total": 0.1283149999999944,
                                                            "count": 154,
                                                            "is_parallel": true,
                                                            "self": 0.05907329999998634,
                                                            "children": {
                                                                "_process_rank_one_or_two_observation": {
                                                                    "total": 0.06924170000000807,
                                                                    "count": 616,
                                                                    "is_parallel": true,
                                                                    "self": 0.06924170000000807
                                                                }
                                                            }
                                                        }
                                                    }
                                                }
                                            }
                                        }
                                    }
                                }
                            }
                        }
                    }
                },
                "trainer_threads": {
                    "total": 2.0600000000925434e-05,
                    "count": 1,
                    "self": 2.0600000000925434e-05,
                    "children": {
                        "thread_root": {
                            "total": 0.0,
                            "count": 0,
                            "is_parallel": true,
                            "self": 0.0,